Algorithm_Name,Input_Dimensions,Execution_Time(ms),Winning
Naive_GPU,16,0.691494,2
naive_matrix_cpu,16,0.065,2
Strassen_Matrix_Multiplication_CPU,16,0.114688,2
Strassen_Matrix_Multiplication_GPU,16,0.469597,2
Tiled_Matrix_Multiplication_GPU,16,0.536563,2
Naive_GPU,32,0.971674,2
naive_matrix_cpu,32,0.2268,2
Strassen_Matrix_Multiplication_CPU,32,0.40407,2
Strassen_Matrix_Multiplication_GPU,32,0.572484,2
Tiled_Matrix_Multiplication_GPU,32,0.660531,2
Naive_GPU,48,1.398835,4
naive_matrix_cpu,48,0.5474,4
Strassen_Matrix_Multiplication_CPU,48,1.336525,4
Strassen_Matrix_Multiplication_GPU,48,0.467005,4
Tiled_Matrix_Multiplication_GPU,48,0.68649,4
Naive_GPU,64,0.881626,4
naive_matrix_cpu,64,1.4254,4
Strassen_Matrix_Multiplication_CPU,64,3.987712,4
Strassen_Matrix_Multiplication_GPU,64,0.532027,4
Tiled_Matrix_Multiplication_GPU,64,0.791789,4
Naive_GPU,80,1.232653,4
naive_matrix_cpu,80,2.5178,4
Strassen_Matrix_Multiplication_CPU,80,9.653555,4
Strassen_Matrix_Multiplication_GPU,80,0.557328,4
Tiled_Matrix_Multiplication_GPU,80,0.851763,4
Naive_GPU,96,0.75129,4
naive_matrix_cpu,96,4.4856,4
Strassen_Matrix_Multiplication_CPU,96,15.053677,4
Strassen_Matrix_Multiplication_GPU,96,0.535761,4
Tiled_Matrix_Multiplication_GPU,96,0.862931,4
Naive_GPU,112,0.848582,4
naive_matrix_cpu,112,6.5334,4
Strassen_Matrix_Multiplication_CPU,112,20.110541,4
Strassen_Matrix_Multiplication_GPU,112,0.54671,4
Tiled_Matrix_Multiplication_GPU,112,0.618125,4
Naive_GPU,128,1.024307,4
naive_matrix_cpu,128,9.2,4
Strassen_Matrix_Multiplication_CPU,128,29.213126,4
Strassen_Matrix_Multiplication_GPU,128,0.621386,4
Tiled_Matrix_Multiplication_GPU,128,0.629325,4
Naive_GPU,144,0.671635,1
naive_matrix_cpu,144,13.575,1
Strassen_Matrix_Multiplication_CPU,144,151.429733,1
Strassen_Matrix_Multiplication_GPU,144,0.709009,1
Tiled_Matrix_Multiplication_GPU,144,0.955898,1
Naive_GPU,160,1.082438,4
naive_matrix_cpu,160,18.3844,4
Strassen_Matrix_Multiplication_CPU,160,138.738892,4
Strassen_Matrix_Multiplication_GPU,160,0.597952,4
Tiled_Matrix_Multiplication_GPU,160,0.821619,4
Naive_GPU,176,1.029498,4
naive_matrix_cpu,176,17.9062,4
Strassen_Matrix_Multiplication_CPU,176,140.453479,4
Strassen_Matrix_Multiplication_GPU,176,0.642734,4
Tiled_Matrix_Multiplication_GPU,176,0.691994,4
Naive_GPU,192,0.823437,4
naive_matrix_cpu,192,23.496,4
Strassen_Matrix_Multiplication_CPU,192,137.291418,4
Strassen_Matrix_Multiplication_GPU,192,0.631664,4
Tiled_Matrix_Multiplication_GPU,192,1.167661,4
Naive_GPU,208,0.891878,4
naive_matrix_cpu,208,28.87,4
Strassen_Matrix_Multiplication_CPU,208,139.259695,4
Strassen_Matrix_Multiplication_GPU,208,0.621382,4
Tiled_Matrix_Multiplication_GPU,208,0.639482,4
Naive_GPU,224,0.950918,4
naive_matrix_cpu,224,35.951601,4
Strassen_Matrix_Multiplication_CPU,224,141.450656,4
Strassen_Matrix_Multiplication_GPU,224,0.921655,4
Tiled_Matrix_Multiplication_GPU,224,1.000717,4
Naive_GPU,240,1.242592,4
naive_matrix_cpu,240,39.547399,4
Strassen_Matrix_Multiplication_CPU,240,140.294553,4
Strassen_Matrix_Multiplication_GPU,240,0.767983,4
Tiled_Matrix_Multiplication_GPU,240,0.901018,4
Naive_GPU,256,1.078291,4
naive_matrix_cpu,256,55.346199,4
Strassen_Matrix_Multiplication_CPU,256,134.726248,4
Strassen_Matrix_Multiplication_GPU,256,1.03262,4
Tiled_Matrix_Multiplication_GPU,256,1.109728,4
Naive_GPU,272,1.203661,4
naive_matrix_cpu,272,56.2002,4
Strassen_Matrix_Multiplication_CPU,272,1141.368018,4
Strassen_Matrix_Multiplication_GPU,272,0.862419,4
Tiled_Matrix_Multiplication_GPU,272,0.874003,4
Naive_GPU,288,1.125907,3
naive_matrix_cpu,288,71.7218,3
Strassen_Matrix_Multiplication_CPU,288,1194.059558,3
Strassen_Matrix_Multiplication_GPU,288,0.884547,3
Tiled_Matrix_Multiplication_GPU,288,0.809229,3
Naive_GPU,304,1.055405,4
naive_matrix_cpu,304,77.0774,4
Strassen_Matrix_Multiplication_CPU,304,1149.222705,4
Strassen_Matrix_Multiplication_GPU,304,0.784435,4
Tiled_Matrix_Multiplication_GPU,304,0.867104,4
Naive_GPU,320,1.015706,3
naive_matrix_cpu,320,96.673001,3
Strassen_Matrix_Multiplication_CPU,320,1038.024695,3
Strassen_Matrix_Multiplication_GPU,320,0.99377,3
Tiled_Matrix_Multiplication_GPU,320,0.887315,3
Naive_GPU,336,0.999846,4
naive_matrix_cpu,336,107.208,4
Strassen_Matrix_Multiplication_CPU,336,964.553101,4
Strassen_Matrix_Multiplication_GPU,336,0.930642,4
Tiled_Matrix_Multiplication_GPU,336,1.171808,4
Naive_GPU,352,1.036173,4
naive_matrix_cpu,352,131.960402,4
Strassen_Matrix_Multiplication_CPU,352,991.356921,4
Strassen_Matrix_Multiplication_GPU,352,0.914073,4
Tiled_Matrix_Multiplication_GPU,352,1.068896,4
Naive_GPU,368,0.993984,3
naive_matrix_cpu,368,136.806201,3
Strassen_Matrix_Multiplication_CPU,368,965.302283,3
Strassen_Matrix_Multiplication_GPU,368,1.025438,3
Tiled_Matrix_Multiplication_GPU,368,0.913946,3
Naive_GPU,384,1.151558,3
naive_matrix_cpu,384,170.640796,3
Strassen_Matrix_Multiplication_CPU,384,961.827625,3
Strassen_Matrix_Multiplication_GPU,384,1.04657,3
Tiled_Matrix_Multiplication_GPU,384,0.760134,3
Naive_GPU,400,1.538515,3
naive_matrix_cpu,400,172.676401,3
Strassen_Matrix_Multiplication_CPU,400,968.438391,3
Strassen_Matrix_Multiplication_GPU,400,1.057242,3
Tiled_Matrix_Multiplication_GPU,400,0.891955,3
Naive_GPU,416,1.374842,3
naive_matrix_cpu,416,207.836002,3
Strassen_Matrix_Multiplication_CPU,416,1003.317859,3
Strassen_Matrix_Multiplication_GPU,416,1.326162,3
Tiled_Matrix_Multiplication_GPU,416,0.823392,3
Naive_GPU,432,1.613427,4
naive_matrix_cpu,432,226.076202,4
Strassen_Matrix_Multiplication_CPU,432,971.578577,4
Strassen_Matrix_Multiplication_GPU,432,1.206179,4
Tiled_Matrix_Multiplication_GPU,432,1.219315,4
Naive_GPU,448,1.265549,3
naive_matrix_cpu,448,269.5078,3
Strassen_Matrix_Multiplication_CPU,448,964.911719,3
Strassen_Matrix_Multiplication_GPU,448,1.309406,3
Tiled_Matrix_Multiplication_GPU,448,1.126682,3
Naive_GPU,464,1.40816,3
naive_matrix_cpu,464,270.158997,3
Strassen_Matrix_Multiplication_CPU,464,969.321265,3
Strassen_Matrix_Multiplication_GPU,464,1.379876,3
Tiled_Matrix_Multiplication_GPU,464,1.107072,3
Naive_GPU,480,1.678253,3
naive_matrix_cpu,480,317.7164,3
Strassen_Matrix_Multiplication_CPU,480,966.902783,3
Strassen_Matrix_Multiplication_GPU,480,1.876109,3
Tiled_Matrix_Multiplication_GPU,480,1.167475,3
Naive_GPU,496,1.659149,3
naive_matrix_cpu,496,343.695197,3
Strassen_Matrix_Multiplication_CPU,496,963.022644,3
Strassen_Matrix_Multiplication_GPU,496,1.579229,3
Tiled_Matrix_Multiplication_GPU,496,1.420192,3
Naive_GPU,512,1.506234,3
naive_matrix_cpu,512,541.977393,3
Strassen_Matrix_Multiplication_CPU,512,964.311865,3
Strassen_Matrix_Multiplication_GPU,512,1.775532,3
Tiled_Matrix_Multiplication_GPU,512,0.942598,3
Naive_GPU,528,2.33993,3
naive_matrix_cpu,528,422.854797,3
Strassen_Matrix_Multiplication_CPU,528,6922.903711,3
Strassen_Matrix_Multiplication_GPU,528,1.824216,3
Tiled_Matrix_Multiplication_GPU,528,1.483181,3
Naive_GPU,544,2.380198,3
naive_matrix_cpu,544,464.227997,3
Strassen_Matrix_Multiplication_CPU,544,7386.502441,3
Strassen_Matrix_Multiplication_GPU,544,2.804135,3
Tiled_Matrix_Multiplication_GPU,544,1.358016,3
Naive_GPU,560,1.932013,3
naive_matrix_cpu,560,510.797797,3
Strassen_Matrix_Multiplication_CPU,560,7175.564355,3
Strassen_Matrix_Multiplication_GPU,560,1.937639,3
Tiled_Matrix_Multiplication_GPU,560,1.474413,3
Naive_GPU,576,2.787859,3
naive_matrix_cpu,576,571.931396,3
Strassen_Matrix_Multiplication_CPU,576,6913.578711,3
Strassen_Matrix_Multiplication_GPU,576,2.082558,3
Tiled_Matrix_Multiplication_GPU,576,1.651386,3
Naive_GPU,592,1.93408,3
naive_matrix_cpu,592,606.999194,3
Strassen_Matrix_Multiplication_CPU,592,6901.624219,3
Strassen_Matrix_Multiplication_GPU,592,2.095818,3
Tiled_Matrix_Multiplication_GPU,592,1.595597,3
Naive_GPU,608,2.529056,3
naive_matrix_cpu,608,649.752612,3
Strassen_Matrix_Multiplication_CPU,608,7017.66123,3
Strassen_Matrix_Multiplication_GPU,608,2.249636,3
Tiled_Matrix_Multiplication_GPU,608,1.547955,3
Naive_GPU,624,1.692813,3
naive_matrix_cpu,624,700.667798,3
Strassen_Matrix_Multiplication_CPU,624,6896.806055,3
Strassen_Matrix_Multiplication_GPU,624,2.455951,3
Tiled_Matrix_Multiplication_GPU,624,1.466394,3
Naive_GPU,640,2.104256,3
naive_matrix_cpu,640,962.524805,3
Strassen_Matrix_Multiplication_CPU,640,6918.920898,3
Strassen_Matrix_Multiplication_GPU,640,2.127043,3
Tiled_Matrix_Multiplication_GPU,640,1.555546,3
Naive_GPU,656,2.36841,3
naive_matrix_cpu,656,821.335193,3
Strassen_Matrix_Multiplication_CPU,656,6864.84707,3
Strassen_Matrix_Multiplication_GPU,656,2.308866,3
Tiled_Matrix_Multiplication_GPU,656,1.492518,3
Naive_GPU,672,2.324608,3
naive_matrix_cpu,672,881.230994,3
Strassen_Matrix_Multiplication_CPU,672,6907.558398,3
Strassen_Matrix_Multiplication_GPU,672,2.252177,3
Tiled_Matrix_Multiplication_GPU,672,1.622822,3
Naive_GPU,688,1.867328,3
naive_matrix_cpu,688,947.705396,3
Strassen_Matrix_Multiplication_CPU,688,8999.774121,3
Strassen_Matrix_Multiplication_GPU,688,2.612954,3
Tiled_Matrix_Multiplication_GPU,688,1.428474,3
Naive_GPU,704,2.63968,3
naive_matrix_cpu,704,1018.181592,3
Strassen_Matrix_Multiplication_CPU,704,7299.471973,3
Strassen_Matrix_Multiplication_GPU,704,2.386371,3
Tiled_Matrix_Multiplication_GPU,704,1.430163,3
Naive_GPU,720,2.367226,3
naive_matrix_cpu,720,1084.667212,3
Strassen_Matrix_Multiplication_CPU,720,6903.70459,3
Strassen_Matrix_Multiplication_GPU,720,2.896131,3
Tiled_Matrix_Multiplication_GPU,720,1.527373,3
Naive_GPU,736,2.402029,3
naive_matrix_cpu,736,1154.357007,3
Strassen_Matrix_Multiplication_CPU,736,6976.55791,3
Strassen_Matrix_Multiplication_GPU,736,2.600728,3
Tiled_Matrix_Multiplication_GPU,736,1.86359,3
Naive_GPU,752,2.744333,3
naive_matrix_cpu,752,1242.725586,3
Strassen_Matrix_Multiplication_CPU,752,6886.583887,3
Strassen_Matrix_Multiplication_GPU,752,2.595172,3
Tiled_Matrix_Multiplication_GPU,752,1.793869,3
Naive_GPU,768,2.984467,3
naive_matrix_cpu,768,1830.985791,3
Strassen_Matrix_Multiplication_CPU,768,6959.546387,3
Strassen_Matrix_Multiplication_GPU,768,3.098365,3
Tiled_Matrix_Multiplication_GPU,768,1.772544,3
Naive_GPU,784,2.689203,3
naive_matrix_cpu,784,1426.97998,3
Strassen_Matrix_Multiplication_CPU,784,6920.852441,3
Strassen_Matrix_Multiplication_GPU,784,2.605028,3
Tiled_Matrix_Multiplication_GPU,784,1.751149,3
Naive_GPU,800,2.345376,3
naive_matrix_cpu,800,1486.345947,3
Strassen_Matrix_Multiplication_CPU,800,7367.038965,3
Strassen_Matrix_Multiplication_GPU,800,3.236069,3
Tiled_Matrix_Multiplication_GPU,800,1.663379,3
Naive_GPU,816,2.540749,3
naive_matrix_cpu,816,1598.56897,3
Strassen_Matrix_Multiplication_CPU,816,7051.859863,3
Strassen_Matrix_Multiplication_GPU,816,3.41899,3
Tiled_Matrix_Multiplication_GPU,816,1.750797,3
Naive_GPU,832,2.498509,3
naive_matrix_cpu,832,1752.692017,3
Strassen_Matrix_Multiplication_CPU,832,6935.03252,3
Strassen_Matrix_Multiplication_GPU,832,3.704954,3
Tiled_Matrix_Multiplication_GPU,832,1.794528,3
Naive_GPU,848,2.328013,3
naive_matrix_cpu,848,1786.467041,3
Strassen_Matrix_Multiplication_CPU,848,6888.128711,3
Strassen_Matrix_Multiplication_GPU,848,3.907403,3
Tiled_Matrix_Multiplication_GPU,848,1.80297,3
Naive_GPU,864,3.381766,3
naive_matrix_cpu,864,1918.805054,3
Strassen_Matrix_Multiplication_CPU,864,8381.158496,3
Strassen_Matrix_Multiplication_GPU,864,3.501224,3
Tiled_Matrix_Multiplication_GPU,864,2.143686,3
Naive_GPU,880,3.277907,3
naive_matrix_cpu,880,2015.378052,3
Strassen_Matrix_Multiplication_CPU,880,8305.90752,3
Strassen_Matrix_Multiplication_GPU,880,4.248808,3
Tiled_Matrix_Multiplication_GPU,880,2.510893,3
Naive_GPU,896,3.26489,3
naive_matrix_cpu,896,2949.528076,3
Strassen_Matrix_Multiplication_CPU,896,9601.089648,3
Strassen_Matrix_Multiplication_GPU,896,3.759663,3
Tiled_Matrix_Multiplication_GPU,896,1.917901,3
Naive_GPU,912,3.398362,3
naive_matrix_cpu,912,2242.474121,3
Strassen_Matrix_Multiplication_CPU,912,8491.710645,3
Strassen_Matrix_Multiplication_GPU,912,3.63566,3
Tiled_Matrix_Multiplication_GPU,912,1.937882,3
Naive_GPU,928,4.023034,3
naive_matrix_cpu,928,2654.029053,3
Strassen_Matrix_Multiplication_CPU,928,7513.10293,3
Strassen_Matrix_Multiplication_GPU,928,5.199718,3
Tiled_Matrix_Multiplication_GPU,928,2.145811,3
Naive_GPU,944,4.218867,3
naive_matrix_cpu,944,2518.554932,3
Strassen_Matrix_Multiplication_CPU,944,8005.095898,3
Strassen_Matrix_Multiplication_GPU,944,3.946626,3
Tiled_Matrix_Multiplication_GPU,944,2.038803,3
Naive_GPU,960,2.965254,3
naive_matrix_cpu,960,2932.9021,3
Strassen_Matrix_Multiplication_CPU,960,8122.038281,3
Strassen_Matrix_Multiplication_GPU,960,4.461914,3
Tiled_Matrix_Multiplication_GPU,960,2.234541,3
Naive_GPU,976,3.388467,3
naive_matrix_cpu,976,2813.3479,3
Strassen_Matrix_Multiplication_CPU,976,7580.320703,3
Strassen_Matrix_Multiplication_GPU,976,3.634942,3
Tiled_Matrix_Multiplication_GPU,976,2.271405,3
Naive_GPU,992,4.150925,3
naive_matrix_cpu,992,2909.158936,3
Strassen_Matrix_Multiplication_CPU,992,6752.002734,3
Strassen_Matrix_Multiplication_GPU,992,4.293206,3
Tiled_Matrix_Multiplication_GPU,992,2.856448,3
Naive_GPU,1008,3.16103,3
naive_matrix_cpu,1008,3112.738037,3
Strassen_Matrix_Multiplication_CPU,1008,8534.46582,3
Strassen_Matrix_Multiplication_GPU,1008,3.825773,3
Tiled_Matrix_Multiplication_GPU,1008,2.776429,3
Naive_GPU,1040,3.720352,3
naive_matrix_cpu,1040,3402.102051,3
Strassen_Matrix_Multiplication_CPU,1040,61531.00391,3
Strassen_Matrix_Multiplication_GPU,1040,4.670159,3
Tiled_Matrix_Multiplication_GPU,1040,3.308,3
Naive_GPU,1072,4.082086,3
naive_matrix_cpu,1072,4084.172119,3
Strassen_Matrix_Multiplication_CPU,1072,48881.53516,3
Strassen_Matrix_Multiplication_GPU,1072,4.876349,3
Tiled_Matrix_Multiplication_GPU,1072,3.7496,3
Naive_GPU,1104,3.118656,1
naive_matrix_cpu,1104,4303.333008,1
Strassen_Matrix_Multiplication_CPU,1104,49046.36328,1
Strassen_Matrix_Multiplication_GPU,1104,5.102791,1
Tiled_Matrix_Multiplication_GPU,1104,4.265606,1
Naive_GPU,1136,3.50279,1
naive_matrix_cpu,1136,4550.248047,1
Strassen_Matrix_Multiplication_CPU,1136,48896.6875,1
Strassen_Matrix_Multiplication_GPU,1136,6.594719,1
Tiled_Matrix_Multiplication_GPU,1136,4.202534,1
Naive_GPU,1168,3.52336,1
naive_matrix_cpu,1168,5023.937988,1
Strassen_Matrix_Multiplication_CPU,1168,49048.69922,1
Strassen_Matrix_Multiplication_GPU,1168,4.661707,1
Tiled_Matrix_Multiplication_GPU,1168,3.829766,1
Naive_GPU,1200,4.312192,3
naive_matrix_cpu,1200,5445.367188,3
Strassen_Matrix_Multiplication_CPU,1200,49944.10156,3
Strassen_Matrix_Multiplication_GPU,1200,5.584182,3
Tiled_Matrix_Multiplication_GPU,1200,3.650355,3
Naive_GPU,1232,3.767667,3
naive_matrix_cpu,1232,6046.001953,3
Strassen_Matrix_Multiplication_CPU,1232,48621.68359,3
Strassen_Matrix_Multiplication_GPU,1232,5.51574,3
Tiled_Matrix_Multiplication_GPU,1232,3.22608,3
Naive_GPU,1264,4.66519,3
naive_matrix_cpu,1264,7165.099121,3
Strassen_Matrix_Multiplication_CPU,1264,48894.10938,3
Strassen_Matrix_Multiplication_GPU,1264,5.548967,3
Tiled_Matrix_Multiplication_GPU,1264,3.12528,3
Naive_GPU,1296,3.832109,3
naive_matrix_cpu,1296,7749.996094,3
Strassen_Matrix_Multiplication_CPU,1296,48688.85156,3
Strassen_Matrix_Multiplication_GPU,1296,6.78273,3
Tiled_Matrix_Multiplication_GPU,1296,3.394982,3
Naive_GPU,1328,4.033837,3
naive_matrix_cpu,1328,9358.897461,3
Strassen_Matrix_Multiplication_CPU,1328,49265.64844,3
Strassen_Matrix_Multiplication_GPU,1328,5.646705,3
Tiled_Matrix_Multiplication_GPU,1328,3.328806,3
Naive_GPU,1360,4.086867,3
naive_matrix_cpu,1360,8645.294922,3
Strassen_Matrix_Multiplication_CPU,1360,49748.11719,3
Strassen_Matrix_Multiplication_GPU,1360,8.182271,3
Tiled_Matrix_Multiplication_GPU,1360,3.191738,3
Naive_GPU,1392,4.165178,3
naive_matrix_cpu,1392,800000,3
Strassen_Matrix_Multiplication_CPU,1392,49063.10938,3
Strassen_Matrix_Multiplication_GPU,1392,6.917347,3
Tiled_Matrix_Multiplication_GPU,1392,4.062272,3
Naive_GPU,1424,3.992109,3
naive_matrix_cpu,1424,800000,3
Strassen_Matrix_Multiplication_CPU,1424,48767.17188,3
Strassen_Matrix_Multiplication_GPU,1424,9.039997,3
Tiled_Matrix_Multiplication_GPU,1424,3.727219,3
Naive_GPU,1456,4.575667,3
naive_matrix_cpu,1456,800000,3
Strassen_Matrix_Multiplication_CPU,1456,49177.55078,3
Strassen_Matrix_Multiplication_GPU,1456,7.61019,3
Tiled_Matrix_Multiplication_GPU,1456,3.641414,3
Naive_GPU,1488,4.550445,3
naive_matrix_cpu,1488,800000,3
Strassen_Matrix_Multiplication_CPU,1488,48789.5625,3
Strassen_Matrix_Multiplication_GPU,1488,9.353433,3
Tiled_Matrix_Multiplication_GPU,1488,4.306515,3
Naive_GPU,1520,5.960288,3
naive_matrix_cpu,1520,800000,3
Strassen_Matrix_Multiplication_CPU,1520,48904.39844,3
Strassen_Matrix_Multiplication_GPU,1520,7.557999,3
Tiled_Matrix_Multiplication_GPU,1520,4.154605,3
Naive_GPU,1552,5.729613,3
naive_matrix_cpu,1552,800000,3
Strassen_Matrix_Multiplication_CPU,1552,48906.55469,3
Strassen_Matrix_Multiplication_GPU,1552,8.145334,3
Tiled_Matrix_Multiplication_GPU,1552,5.293837,3
Naive_GPU,1584,7.745062,3
naive_matrix_cpu,1584,800000,3
Strassen_Matrix_Multiplication_CPU,1584,48826.46875,3
Strassen_Matrix_Multiplication_GPU,1584,7.749453,3
Tiled_Matrix_Multiplication_GPU,1584,5.958976,3
Naive_GPU,1616,7.037945,3
naive_matrix_cpu,1616,800000,3
Strassen_Matrix_Multiplication_CPU,1616,48782.67188,3
Strassen_Matrix_Multiplication_GPU,1616,10.344289,3
Tiled_Matrix_Multiplication_GPU,1616,6.832621,3
Naive_GPU,1648,6.809312,3
naive_matrix_cpu,1648,800000,3
Strassen_Matrix_Multiplication_CPU,1648,49087.67578,3
Strassen_Matrix_Multiplication_GPU,1648,9.297915,3
Tiled_Matrix_Multiplication_GPU,1648,5.235552,3
Naive_GPU,1680,7.685741,3
naive_matrix_cpu,1680,800000,3
Strassen_Matrix_Multiplication_CPU,1680,48998.83203,3
Strassen_Matrix_Multiplication_GPU,1680,8.841307,3
Tiled_Matrix_Multiplication_GPU,1680,4.636557,3
Naive_GPU,1712,8.064461,3
naive_matrix_cpu,1712,800000,3
Strassen_Matrix_Multiplication_CPU,1712,48916.22266,3
Strassen_Matrix_Multiplication_GPU,1712,11.801945,3
Tiled_Matrix_Multiplication_GPU,1712,4.837965,3
Naive_GPU,1744,7.181715,3
naive_matrix_cpu,1744,800000,3
Strassen_Matrix_Multiplication_CPU,1744,48937.76953,3
Strassen_Matrix_Multiplication_GPU,1744,10.905446,3
Tiled_Matrix_Multiplication_GPU,1744,5.196237,3
Naive_GPU,1776,10.120595,3
naive_matrix_cpu,1776,800000,3
Strassen_Matrix_Multiplication_CPU,1776,49044.33984,3
Strassen_Matrix_Multiplication_GPU,1776,9.939153,3
Tiled_Matrix_Multiplication_GPU,1776,5.271155,3
Naive_GPU,1808,7.760934,3
naive_matrix_cpu,1808,800000,3
Strassen_Matrix_Multiplication_CPU,1808,49250.57813,3
Strassen_Matrix_Multiplication_GPU,1808,11.894991,3
Tiled_Matrix_Multiplication_GPU,1808,5.530195,3
Naive_GPU,1840,5.961146,3
naive_matrix_cpu,1840,800000,3
Strassen_Matrix_Multiplication_CPU,1840,48889.19531,3
Strassen_Matrix_Multiplication_GPU,1840,12.658649,3
Tiled_Matrix_Multiplication_GPU,1840,6.202496,3
Naive_GPU,1872,6.478477,3
naive_matrix_cpu,1872,800000,3
Strassen_Matrix_Multiplication_CPU,1872,48845.39844,3
Strassen_Matrix_Multiplication_GPU,1872,13.320246,3
Tiled_Matrix_Multiplication_GPU,1872,5.664838,3
Naive_GPU,1904,7.389139,3
naive_matrix_cpu,1904,800000,3
Strassen_Matrix_Multiplication_CPU,1904,49172.92578,3
Strassen_Matrix_Multiplication_GPU,1904,10.482977,3
Tiled_Matrix_Multiplication_GPU,1904,6.030234,3
Naive_GPU,1936,6.602432,3
naive_matrix_cpu,1936,800000,3
Strassen_Matrix_Multiplication_CPU,1936,48876.63281,3
Strassen_Matrix_Multiplication_GPU,1936,11.134882,3
Tiled_Matrix_Multiplication_GPU,1936,5.812384,3
Naive_GPU,1968,7.491104,3
naive_matrix_cpu,1968,800000,3
Strassen_Matrix_Multiplication_CPU,1968,48797.30078,3
Strassen_Matrix_Multiplication_GPU,1968,15.341114,3
Tiled_Matrix_Multiplication_GPU,1968,7.245638,3
Naive_GPU,2000,7.982323,3
naive_matrix_cpu,2000,800000,3
Strassen_Matrix_Multiplication_CPU,2000,48784.63281,3
Strassen_Matrix_Multiplication_GPU,2000,12.53494,3
Tiled_Matrix_Multiplication_GPU,2000,7.082714,3
Naive_GPU,2032,7.286042,3
naive_matrix_cpu,2032,800000,3
Strassen_Matrix_Multiplication_CPU,2032,49168.45313,3
Strassen_Matrix_Multiplication_GPU,2032,12.763377,3
Tiled_Matrix_Multiplication_GPU,2032,6.36505,3
Naive_GPU,2064,6.919763,1
naive_matrix_cpu,2064,800000,1
Strassen_Matrix_Multiplication_CPU,2064,339316.6563,1
Strassen_Matrix_Multiplication_GPU,2064,14.255389,1
Tiled_Matrix_Multiplication_GPU,2064,7.239322,1
Naive_GPU,2096,6.981747,1
naive_matrix_cpu,2096,800000,1
Strassen_Matrix_Multiplication_CPU,2096,342687.9375,1
Strassen_Matrix_Multiplication_GPU,2096,14.81379,1
Tiled_Matrix_Multiplication_GPU,2096,8.186119,1
Naive_GPU,2128,7.647431,1
naive_matrix_cpu,2128,800000,1
Strassen_Matrix_Multiplication_CPU,2128,341673.3125,1
Strassen_Matrix_Multiplication_GPU,2128,13.28523,1
Tiled_Matrix_Multiplication_GPU,2128,7.822912,1
Naive_GPU,2160,7.217606,1
naive_matrix_cpu,2160,800000,1
Strassen_Matrix_Multiplication_CPU,2160,342591.0313,1
Strassen_Matrix_Multiplication_GPU,2160,14.267943,1
Tiled_Matrix_Multiplication_GPU,2160,8.517331,1
Naive_GPU,2192,7.626624,1
naive_matrix_cpu,2192,800000,1
Strassen_Matrix_Multiplication_CPU,2192,342055.7813,1
Strassen_Matrix_Multiplication_GPU,2192,14.500372,1
Tiled_Matrix_Multiplication_GPU,2192,10.080973,1
Naive_GPU,2224,7.594259,1
naive_matrix_cpu,2224,800000,1
Strassen_Matrix_Multiplication_CPU,2224,342779.2188,1
Strassen_Matrix_Multiplication_GPU,2224,16.625251,1
Tiled_Matrix_Multiplication_GPU,2224,8.481869,1
Naive_GPU,2256,7.605536,1
naive_matrix_cpu,2256,800000,1
Strassen_Matrix_Multiplication_CPU,2256,342120.75,1
Strassen_Matrix_Multiplication_GPU,2256,15.199075,1
Tiled_Matrix_Multiplication_GPU,2256,8.252038,1
Naive_GPU,2288,8.196448,1
naive_matrix_cpu,2288,800000,1
Strassen_Matrix_Multiplication_CPU,2288,341486.1563,1
Strassen_Matrix_Multiplication_GPU,2288,15.667447,1
Tiled_Matrix_Multiplication_GPU,2288,8.800608,1
Naive_GPU,2320,8.433056,1
naive_matrix_cpu,2320,800000,1
Strassen_Matrix_Multiplication_CPU,2320,342053.125,1
Strassen_Matrix_Multiplication_GPU,2320,15.255961,1
Tiled_Matrix_Multiplication_GPU,2320,9.063405,1
Naive_GPU,2352,8.863974,3
naive_matrix_cpu,2352,800000,3
Strassen_Matrix_Multiplication_CPU,2352,341778.0625,3
Strassen_Matrix_Multiplication_GPU,2352,18.123595,3
Tiled_Matrix_Multiplication_GPU,2352,8.764922,3
Naive_GPU,2384,8.923437,1
naive_matrix_cpu,2384,800000,1
Strassen_Matrix_Multiplication_CPU,2384,342011.6875,1
Strassen_Matrix_Multiplication_GPU,2384,16.89539,1
Tiled_Matrix_Multiplication_GPU,2384,9.202195,1
Naive_GPU,2416,9.164365,1
naive_matrix_cpu,2416,800000,1
Strassen_Matrix_Multiplication_CPU,2416,341927.2813,1
Strassen_Matrix_Multiplication_GPU,2416,17.851143,1
Tiled_Matrix_Multiplication_GPU,2416,9.193766,1
Naive_GPU,2448,9.546906,1
naive_matrix_cpu,2448,800000,1
Strassen_Matrix_Multiplication_CPU,2448,342131.0313,1
Strassen_Matrix_Multiplication_GPU,2448,17.452664,1
Tiled_Matrix_Multiplication_GPU,2448,11.43175,1
Naive_GPU,2480,9.704909,1
naive_matrix_cpu,2480,800000,1
Strassen_Matrix_Multiplication_CPU,2480,341191.7813,1
Strassen_Matrix_Multiplication_GPU,2480,19.46514,1
Tiled_Matrix_Multiplication_GPU,2480,10.062112,1
Naive_GPU,2512,10.219155,3
naive_matrix_cpu,2512,800000,3
Strassen_Matrix_Multiplication_CPU,2512,341832.5313,3
Strassen_Matrix_Multiplication_GPU,2512,19.74955,3
Tiled_Matrix_Multiplication_GPU,2512,9.712519,3
Naive_GPU,2544,10.242406,3
naive_matrix_cpu,2544,800000,3
Strassen_Matrix_Multiplication_CPU,2544,341650.375,3
Strassen_Matrix_Multiplication_GPU,2544,18.581342,3
Tiled_Matrix_Multiplication_GPU,2544,9.783904,3
Naive_GPU,2576,10.456537,1
naive_matrix_cpu,2576,800000,1
Strassen_Matrix_Multiplication_CPU,2576,342144.8438,1
Strassen_Matrix_Multiplication_GPU,2576,19.059189,1
Tiled_Matrix_Multiplication_GPU,2576,11.027437,1
Naive_GPU,2608,10.731488,1
naive_matrix_cpu,2608,800000,1
Strassen_Matrix_Multiplication_CPU,2608,341695.0938,1
Strassen_Matrix_Multiplication_GPU,2608,20.123437,1
Tiled_Matrix_Multiplication_GPU,2608,15.613081,1
Naive_GPU,2640,10.940806,1
naive_matrix_cpu,2640,800000,1
Strassen_Matrix_Multiplication_CPU,2640,341794.3125,1
Strassen_Matrix_Multiplication_GPU,2640,22.194672,1
Tiled_Matrix_Multiplication_GPU,2640,15.499725,1
Naive_GPU,2672,10.730733,1
naive_matrix_cpu,2672,800000,1
Strassen_Matrix_Multiplication_CPU,2672,342044.7813,1
Strassen_Matrix_Multiplication_GPU,2672,20.336206,1
Tiled_Matrix_Multiplication_GPU,2672,16.530643,1
Naive_GPU,2704,11.736832,3
naive_matrix_cpu,2704,800000,3
Strassen_Matrix_Multiplication_CPU,2704,341579.4063,3
Strassen_Matrix_Multiplication_GPU,2704,20.681084,3
Tiled_Matrix_Multiplication_GPU,2704,11.729549,3
Naive_GPU,2736,11.755737,3
naive_matrix_cpu,2736,800000,3
Strassen_Matrix_Multiplication_CPU,2736,341502.0313,3
Strassen_Matrix_Multiplication_GPU,2736,21.205041,3
Tiled_Matrix_Multiplication_GPU,2736,11.577894,3
Naive_GPU,2768,11.448416,1
naive_matrix_cpu,2768,800000,1
Strassen_Matrix_Multiplication_CPU,2768,342096.3438,1
Strassen_Matrix_Multiplication_GPU,2768,22.361549,1
Tiled_Matrix_Multiplication_GPU,2768,11.812358,1
Naive_GPU,2800,12.373127,3
naive_matrix_cpu,2800,800000,3
Strassen_Matrix_Multiplication_CPU,2800,342391.5,3
Strassen_Matrix_Multiplication_GPU,2800,22.640304,3
Tiled_Matrix_Multiplication_GPU,2800,11.91975,3
Naive_GPU,2832,12.149939,1
naive_matrix_cpu,2832,800000,1
Strassen_Matrix_Multiplication_CPU,2832,342304.9688,1
Strassen_Matrix_Multiplication_GPU,2832,21.899488,1
Tiled_Matrix_Multiplication_GPU,2832,12.533715,1
Naive_GPU,2864,13.005305,3
naive_matrix_cpu,2864,800000,3
Strassen_Matrix_Multiplication_CPU,2864,341552.6875,3
Strassen_Matrix_Multiplication_GPU,2864,25.983337,3
Tiled_Matrix_Multiplication_GPU,2864,12.719686,3
Naive_GPU,2896,12.824134,1
naive_matrix_cpu,2896,800000,1
Strassen_Matrix_Multiplication_CPU,2896,342716.9688,1
Strassen_Matrix_Multiplication_GPU,2896,27.0399,1
Tiled_Matrix_Multiplication_GPU,2896,13.234886,1
Naive_GPU,2928,13.411629,1
naive_matrix_cpu,2928,800000,1
Strassen_Matrix_Multiplication_CPU,2928,342332.0938,1
Strassen_Matrix_Multiplication_GPU,2928,24.166645,1
Tiled_Matrix_Multiplication_GPU,2928,13.467091,1
Naive_GPU,2960,13.854483,3
naive_matrix_cpu,2960,800000,3
Strassen_Matrix_Multiplication_CPU,2960,341993.7813,3
Strassen_Matrix_Multiplication_GPU,2960,26.88141,3
Tiled_Matrix_Multiplication_GPU,2960,13.562541,3
Naive_GPU,2992,13.576237,1
naive_matrix_cpu,2992,800000,1
Strassen_Matrix_Multiplication_CPU,2992,343277.625,1
Strassen_Matrix_Multiplication_GPU,2992,25.183853,1
Tiled_Matrix_Multiplication_GPU,2992,19.015206,1
Naive_GPU,3024,13.659053,1
naive_matrix_cpu,3024,800000,1
Strassen_Matrix_Multiplication_CPU,3024,341192.0625,1
Strassen_Matrix_Multiplication_GPU,3024,25.399741,1
Tiled_Matrix_Multiplication_GPU,3024,17.478279,1
Naive_GPU,3056,13.955309,1
naive_matrix_cpu,3056,800000,1
Strassen_Matrix_Multiplication_CPU,3056,341393.4063,1
Strassen_Matrix_Multiplication_GPU,3056,27.379306,1
Tiled_Matrix_Multiplication_GPU,3056,14.529971,1
Naive_GPU,3088,14.859559,3
naive_matrix_cpu,3088,800000,3
Strassen_Matrix_Multiplication_CPU,3088,342499.5625,3
Strassen_Matrix_Multiplication_GPU,3088,27.749244,3
Tiled_Matrix_Multiplication_GPU,3088,14.485952,3
Naive_GPU,3120,15.287033,1
naive_matrix_cpu,3120,800000,1
Strassen_Matrix_Multiplication_CPU,3120,342673.6875,1
Strassen_Matrix_Multiplication_GPU,3120,26.716895,1
Tiled_Matrix_Multiplication_GPU,3120,16.061594,1
Naive_GPU,3152,15.651443,1
naive_matrix_cpu,3152,800000,1
Strassen_Matrix_Multiplication_CPU,3152,342832.7813,1
Strassen_Matrix_Multiplication_GPU,3152,27.255227,1
Tiled_Matrix_Multiplication_GPU,3152,17.107424,1
Naive_GPU,3184,15.678259,1
naive_matrix_cpu,3184,800000,1
Strassen_Matrix_Multiplication_CPU,3184,341714.3125,1
Strassen_Matrix_Multiplication_GPU,3184,30.412653,1
Tiled_Matrix_Multiplication_GPU,3184,18.092755,1
Naive_GPU,3216,15.285005,1
naive_matrix_cpu,3216,800000,1
Strassen_Matrix_Multiplication_CPU,3216,341489.625,1
Strassen_Matrix_Multiplication_GPU,3216,29.16307,1
Tiled_Matrix_Multiplication_GPU,3216,15.421626,1
Naive_GPU,3248,16.801203,3
naive_matrix_cpu,3248,800000,3
Strassen_Matrix_Multiplication_CPU,3248,342848.125,3
Strassen_Matrix_Multiplication_GPU,3248,32.384477,3
Tiled_Matrix_Multiplication_GPU,3248,16.088,3
Naive_GPU,3280,16.106176,1
naive_matrix_cpu,3280,800000,1
Strassen_Matrix_Multiplication_CPU,3280,342486.3125,1
Strassen_Matrix_Multiplication_GPU,3280,32.936007,1
Tiled_Matrix_Multiplication_GPU,3280,16.615565,1
Naive_GPU,3312,16.956659,3
naive_matrix_cpu,3312,800000,3
Strassen_Matrix_Multiplication_CPU,3312,342454.9375,3
Strassen_Matrix_Multiplication_GPU,3312,31.355069,3
Tiled_Matrix_Multiplication_GPU,3312,16.171149,3
Naive_GPU,3344,17.126476,3
naive_matrix_cpu,3344,800000,3
Strassen_Matrix_Multiplication_CPU,3344,343162.0938,3
Strassen_Matrix_Multiplication_GPU,3344,30.573989,3
Tiled_Matrix_Multiplication_GPU,3344,16.79632,3
Naive_GPU,3376,16.773843,1
naive_matrix_cpu,3376,800000,1
Strassen_Matrix_Multiplication_CPU,3376,342679.375,1
Strassen_Matrix_Multiplication_GPU,3376,32.277883,1
Tiled_Matrix_Multiplication_GPU,3376,16.844102,1
Naive_GPU,3408,17.53095,1
naive_matrix_cpu,3408,800000,1
Strassen_Matrix_Multiplication_CPU,3408,342003.4375,1
Strassen_Matrix_Multiplication_GPU,3408,34.231224,1
Tiled_Matrix_Multiplication_GPU,3408,17.581357,1
Naive_GPU,3440,18.01566,3
naive_matrix_cpu,3440,800000,3
Strassen_Matrix_Multiplication_CPU,3440,342245,3
Strassen_Matrix_Multiplication_GPU,3440,33.254497,3
Tiled_Matrix_Multiplication_GPU,3440,17.862291,3
Naive_GPU,3472,18.866074,3
naive_matrix_cpu,3472,800000,3
Strassen_Matrix_Multiplication_CPU,3472,342419,3
Strassen_Matrix_Multiplication_GPU,3472,35.702496,3
Tiled_Matrix_Multiplication_GPU,3472,18.435699,3
Naive_GPU,3504,18.425351,3
naive_matrix_cpu,3504,800000,3
Strassen_Matrix_Multiplication_CPU,3504,800000,3
Strassen_Matrix_Multiplication_GPU,3504,33.522519,3
Tiled_Matrix_Multiplication_GPU,3504,17.881139,3
Naive_GPU,3536,18.908499,3
naive_matrix_cpu,3536,800000,3
Strassen_Matrix_Multiplication_CPU,3536,800000,3
Strassen_Matrix_Multiplication_GPU,3536,34.784891,3
Tiled_Matrix_Multiplication_GPU,3536,18.429049,3
Naive_GPU,3568,19.190342,1
naive_matrix_cpu,3568,800000,1
Strassen_Matrix_Multiplication_CPU,3568,800000,1
Strassen_Matrix_Multiplication_GPU,3568,35.795506,1
Tiled_Matrix_Multiplication_GPU,3568,19.485152,1
Naive_GPU,3600,19.041216,1
naive_matrix_cpu,3600,800000,1
Strassen_Matrix_Multiplication_CPU,3600,800000,1
Strassen_Matrix_Multiplication_GPU,3600,36.389935,1
Tiled_Matrix_Multiplication_GPU,3600,19.483097,1
Naive_GPU,3632,20.075053,1
naive_matrix_cpu,3632,800000,1
Strassen_Matrix_Multiplication_CPU,3632,800000,1
Strassen_Matrix_Multiplication_GPU,3632,40.215849,1
Tiled_Matrix_Multiplication_GPU,3632,31.53353,1
Naive_GPU,3664,20.281549,3
naive_matrix_cpu,3664,800000,3
Strassen_Matrix_Multiplication_CPU,3664,800000,3
Strassen_Matrix_Multiplication_GPU,3664,36.940059,3
Tiled_Matrix_Multiplication_GPU,3664,19.76944,3
Naive_GPU,3696,20.038778,1
naive_matrix_cpu,3696,800000,1
Strassen_Matrix_Multiplication_CPU,3696,800000,1
Strassen_Matrix_Multiplication_GPU,3696,38.9636,1
Tiled_Matrix_Multiplication_GPU,3696,21.181926,1
Naive_GPU,3728,20.373664,1
naive_matrix_cpu,3728,800000,1
Strassen_Matrix_Multiplication_CPU,3728,800000,1
Strassen_Matrix_Multiplication_GPU,3728,37.109063,1
Tiled_Matrix_Multiplication_GPU,3728,21.470438,1
Naive_GPU,3760,22.119802,1
naive_matrix_cpu,3760,800000,1
Strassen_Matrix_Multiplication_CPU,3760,800000,1
Strassen_Matrix_Multiplication_GPU,3760,39.548582,1
Tiled_Matrix_Multiplication_GPU,3760,22.511142,1
Naive_GPU,3792,21.455648,3
naive_matrix_cpu,3792,800000,3
Strassen_Matrix_Multiplication_CPU,3792,800000,3
Strassen_Matrix_Multiplication_GPU,3792,38.845319,3
Tiled_Matrix_Multiplication_GPU,3792,22.518682,3
Naive_GPU,3824,21.574483,3
naive_matrix_cpu,3824,800000,3
Strassen_Matrix_Multiplication_CPU,3824,800000,3
Strassen_Matrix_Multiplication_GPU,3824,41.751216,3
Tiled_Matrix_Multiplication_GPU,3824,21.241587,3
Naive_GPU,3856,23.084973,3
naive_matrix_cpu,3856,800000,3
Strassen_Matrix_Multiplication_CPU,3856,800000,3
Strassen_Matrix_Multiplication_GPU,3856,43.649794,3
Tiled_Matrix_Multiplication_GPU,3856,22.302272,3
Naive_GPU,3888,22.412788,1
naive_matrix_cpu,3888,800000,1
Strassen_Matrix_Multiplication_CPU,3888,800000,1
Strassen_Matrix_Multiplication_GPU,3888,42.08735,1
Tiled_Matrix_Multiplication_GPU,3888,22.45655,1
Naive_GPU,3920,23.680384,3
naive_matrix_cpu,3920,800000,3
Strassen_Matrix_Multiplication_CPU,3920,800000,3
Strassen_Matrix_Multiplication_GPU,3920,42.155637,3
Tiled_Matrix_Multiplication_GPU,3920,22.599865,3
Naive_GPU,3952,23.195949,1
naive_matrix_cpu,3952,800000,1
Strassen_Matrix_Multiplication_CPU,3952,800000,1
Strassen_Matrix_Multiplication_GPU,3952,42.771009,1
Tiled_Matrix_Multiplication_GPU,3952,23.220205,1
Naive_GPU,3984,23.561831,3
naive_matrix_cpu,3984,800000,3
Strassen_Matrix_Multiplication_CPU,3984,800000,3
Strassen_Matrix_Multiplication_GPU,3984,45.258035,3
Tiled_Matrix_Multiplication_GPU,3984,23.266541,3
Naive_GPU,4016,24.329562,3
naive_matrix_cpu,4016,800000,3
Strassen_Matrix_Multiplication_CPU,4016,800000,3
Strassen_Matrix_Multiplication_GPU,4016,45.415173,3
Tiled_Matrix_Multiplication_GPU,4016,23.945076,3
Naive_GPU,4080,23.948167,1
naive_matrix_cpu,4080,800000,1
Strassen_Matrix_Multiplication_CPU,4080,800000,1
Strassen_Matrix_Multiplication_GPU,4080,46.727207,1
Tiled_Matrix_Multiplication_GPU,4080,24.222816,1
Naive_GPU,4144,26.156685,3
naive_matrix_cpu,4144,800000,3
Strassen_Matrix_Multiplication_CPU,4144,800000,3
Strassen_Matrix_Multiplication_GPU,4144,50.180894,3
Tiled_Matrix_Multiplication_GPU,4144,24.980115,3
Naive_GPU,4208,26.443622,3
naive_matrix_cpu,4208,800000,3
Strassen_Matrix_Multiplication_CPU,4208,800000,3
Strassen_Matrix_Multiplication_GPU,4208,49.341141,3
Tiled_Matrix_Multiplication_GPU,4208,26.138265,3
Naive_GPU,4272,28.862989,3
naive_matrix_cpu,4272,800000,3
Strassen_Matrix_Multiplication_CPU,4272,800000,3
Strassen_Matrix_Multiplication_GPU,4272,56.530369,3
Tiled_Matrix_Multiplication_GPU,4272,26.878253,3
Naive_GPU,4336,27.74999,1
naive_matrix_cpu,4336,800000,1
Strassen_Matrix_Multiplication_CPU,4336,800000,1
Strassen_Matrix_Multiplication_GPU,4336,51.87932,1
Tiled_Matrix_Multiplication_GPU,4336,27.797132,1
Naive_GPU,4400,30.922957,3
naive_matrix_cpu,4400,800000,3
Strassen_Matrix_Multiplication_CPU,4400,800000,3
Strassen_Matrix_Multiplication_GPU,4400,57.316904,3
Tiled_Matrix_Multiplication_GPU,4400,28.509331,3
Naive_GPU,4464,32.29353,3
naive_matrix_cpu,4464,800000,3
Strassen_Matrix_Multiplication_CPU,4464,800000,3
Strassen_Matrix_Multiplication_GPU,4464,55.387395,3
Tiled_Matrix_Multiplication_GPU,4464,29.162074,3
Naive_GPU,4528,30.740416,3
naive_matrix_cpu,4528,800000,3
Strassen_Matrix_Multiplication_CPU,4528,800000,3
Strassen_Matrix_Multiplication_GPU,4528,60.030642,3
Tiled_Matrix_Multiplication_GPU,4528,30.186829,3
Naive_GPU,4592,30.830708,3
naive_matrix_cpu,4592,800000,3
Strassen_Matrix_Multiplication_CPU,4592,800000,3
Strassen_Matrix_Multiplication_GPU,4592,57.748077,3
Tiled_Matrix_Multiplication_GPU,4592,30.205254,3
Naive_GPU,4656,31.244461,1
naive_matrix_cpu,4656,800000,1
Strassen_Matrix_Multiplication_CPU,4656,800000,1
Strassen_Matrix_Multiplication_GPU,4656,62.834759,1
Tiled_Matrix_Multiplication_GPU,4656,31.977926,1
Naive_GPU,4720,32.236435,3
naive_matrix_cpu,4720,800000,3
Strassen_Matrix_Multiplication_CPU,4720,800000,3
Strassen_Matrix_Multiplication_GPU,4720,64.042915,3
Tiled_Matrix_Multiplication_GPU,4720,32.106503,3
Naive_GPU,4784,33.382446,3
naive_matrix_cpu,4784,800000,3
Strassen_Matrix_Multiplication_CPU,4784,800000,3
Strassen_Matrix_Multiplication_GPU,4784,66.489207,3
Tiled_Matrix_Multiplication_GPU,4784,33.262367,3
Naive_GPU,4848,35.151852,3
naive_matrix_cpu,4848,800000,3
Strassen_Matrix_Multiplication_CPU,4848,800000,3
Strassen_Matrix_Multiplication_GPU,4848,66.384114,3
Tiled_Matrix_Multiplication_GPU,4848,34.136589,3
Naive_GPU,4912,36.56478,3
naive_matrix_cpu,4912,800000,3
Strassen_Matrix_Multiplication_CPU,4912,800000,3
Strassen_Matrix_Multiplication_GPU,4912,75.000299,3
Tiled_Matrix_Multiplication_GPU,4912,35.174067,3
Naive_GPU,4976,35.570547,1
naive_matrix_cpu,4976,800000,1
Strassen_Matrix_Multiplication_CPU,4976,800000,1
Strassen_Matrix_Multiplication_GPU,4976,73.156982,1
Tiled_Matrix_Multiplication_GPU,4976,36.060641,1
Naive_GPU,5040,36.605396,1
naive_matrix_cpu,5040,800000,1
Strassen_Matrix_Multiplication_CPU,5040,800000,1
Strassen_Matrix_Multiplication_GPU,5040,69.815813,1
Tiled_Matrix_Multiplication_GPU,5040,36.904499,1
Naive_GPU,5104,39.751737,3
naive_matrix_cpu,5104,800000,3
Strassen_Matrix_Multiplication_CPU,5104,800000,3
Strassen_Matrix_Multiplication_GPU,5104,69.178105,3
Tiled_Matrix_Multiplication_GPU,5104,37.664044,3
Naive_GPU,5168,40.10297,3
naive_matrix_cpu,5168,800000,3
Strassen_Matrix_Multiplication_CPU,5168,800000,3
Strassen_Matrix_Multiplication_GPU,5168,71.819891,3
Tiled_Matrix_Multiplication_GPU,5168,38.7256,3
Naive_GPU,5232,40.230362,3
naive_matrix_cpu,5232,800000,3
Strassen_Matrix_Multiplication_CPU,5232,800000,3
Strassen_Matrix_Multiplication_GPU,5232,77.5146,3
Tiled_Matrix_Multiplication_GPU,5232,39.73529,3
Naive_GPU,5296,40.29431,3
naive_matrix_cpu,5296,800000,3
Strassen_Matrix_Multiplication_CPU,5296,800000,3
Strassen_Matrix_Multiplication_GPU,5296,78.565524,3
Tiled_Matrix_Multiplication_GPU,5296,40.27616,3
Naive_GPU,5360,41.410631,3
naive_matrix_cpu,5360,800000,3
Strassen_Matrix_Multiplication_CPU,5360,800000,3
Strassen_Matrix_Multiplication_GPU,5360,76.813968,3
Tiled_Matrix_Multiplication_GPU,5360,41.25253,3
Naive_GPU,5424,43.256858,1
naive_matrix_cpu,5424,800000,1
Strassen_Matrix_Multiplication_CPU,5424,800000,1
Strassen_Matrix_Multiplication_GPU,5424,80.247945,1
Tiled_Matrix_Multiplication_GPU,5424,43.306606,1
Naive_GPU,5488,44.784588,3
naive_matrix_cpu,5488,800000,3
Strassen_Matrix_Multiplication_CPU,5488,800000,3
Strassen_Matrix_Multiplication_GPU,5488,80.769092,3
Tiled_Matrix_Multiplication_GPU,5488,43.475155,3
Naive_GPU,5552,44.257242,3
naive_matrix_cpu,5552,800000,3
Strassen_Matrix_Multiplication_CPU,5552,800000,3
Strassen_Matrix_Multiplication_GPU,5552,82.20782,3
Tiled_Matrix_Multiplication_GPU,5552,43.671098,3
Naive_GPU,5616,45.328928,3
naive_matrix_cpu,5616,800000,3
Strassen_Matrix_Multiplication_CPU,5616,800000,3
Strassen_Matrix_Multiplication_GPU,5616,87.597916,3
Tiled_Matrix_Multiplication_GPU,5616,45.293778,3
Naive_GPU,5680,47.246663,3
naive_matrix_cpu,5680,800000,3
Strassen_Matrix_Multiplication_CPU,5680,800000,3
Strassen_Matrix_Multiplication_GPU,5680,91.508118,3
Tiled_Matrix_Multiplication_GPU,5680,46.492908,3
Naive_GPU,5744,47.687456,1
naive_matrix_cpu,5744,800000,1
Strassen_Matrix_Multiplication_CPU,5744,800000,1
Strassen_Matrix_Multiplication_GPU,5744,86.862427,1
Tiled_Matrix_Multiplication_GPU,5744,47.866618,1
Naive_GPU,5808,48.34306,1
naive_matrix_cpu,5808,800000,1
Strassen_Matrix_Multiplication_CPU,5808,800000,1
Strassen_Matrix_Multiplication_GPU,5808,88.655684,1
Tiled_Matrix_Multiplication_GPU,5808,52.897876,1
Naive_GPU,5872,51.589274,3
naive_matrix_cpu,5872,800000,3
Strassen_Matrix_Multiplication_CPU,5872,800000,3
Strassen_Matrix_Multiplication_GPU,5872,99.558551,3
Tiled_Matrix_Multiplication_GPU,5872,49.517914,3
Naive_GPU,5936,52.556756,3
naive_matrix_cpu,5936,800000,3
Strassen_Matrix_Multiplication_CPU,5936,800000,3
Strassen_Matrix_Multiplication_GPU,5936,93.894316,3
Tiled_Matrix_Multiplication_GPU,5936,51.001945,3
Naive_GPU,6000,51.60715,3
naive_matrix_cpu,6000,800000,3
Strassen_Matrix_Multiplication_CPU,6000,800000,3
Strassen_Matrix_Multiplication_GPU,6000,104.395605,3
Tiled_Matrix_Multiplication_GPU,6000,51.537235,3
Naive_GPU,6064,54.085613,1
naive_matrix_cpu,6064,800000,1
Strassen_Matrix_Multiplication_CPU,6064,800000,1
Strassen_Matrix_Multiplication_GPU,6064,99.226669,1
Tiled_Matrix_Multiplication_GPU,6064,54.899187,1
Naive_GPU,6128,56.411853,3
naive_matrix_cpu,6128,800000,3
Strassen_Matrix_Multiplication_CPU,6128,800000,3
Strassen_Matrix_Multiplication_GPU,6128,100.048337,3
Tiled_Matrix_Multiplication_GPU,6128,53.616711,3
Naive_GPU,6192,55.594713,3
naive_matrix_cpu,6192,800000,3
Strassen_Matrix_Multiplication_CPU,6192,800000,3
Strassen_Matrix_Multiplication_GPU,6192,107.833253,3
Tiled_Matrix_Multiplication_GPU,6192,54.904832,3
Naive_GPU,6256,55.349267,1
naive_matrix_cpu,6256,800000,1
Strassen_Matrix_Multiplication_CPU,6256,800000,1
Strassen_Matrix_Multiplication_GPU,6256,106.774869,1
Tiled_Matrix_Multiplication_GPU,6256,56.048679,1
Naive_GPU,6320,57.475789,3
naive_matrix_cpu,6320,800000,3
Strassen_Matrix_Multiplication_CPU,6320,800000,3
Strassen_Matrix_Multiplication_GPU,6320,111.075945,3
Tiled_Matrix_Multiplication_GPU,6320,57.219731,3
Naive_GPU,6384,58.632166,3
naive_matrix_cpu,6384,800000,3
Strassen_Matrix_Multiplication_CPU,6384,800000,3
Strassen_Matrix_Multiplication_GPU,6384,110.297821,3
Tiled_Matrix_Multiplication_GPU,6384,58.208704,3
Naive_GPU,6448,58.588954,1
naive_matrix_cpu,6448,800000,1
Strassen_Matrix_Multiplication_CPU,6448,800000,1
Strassen_Matrix_Multiplication_GPU,6448,113.572775,1
Tiled_Matrix_Multiplication_GPU,6448,59.92025,1
Naive_GPU,6512,62.523085,3
naive_matrix_cpu,6512,800000,3
Strassen_Matrix_Multiplication_CPU,6512,800000,3
Strassen_Matrix_Multiplication_GPU,6512,115.693887,3
Tiled_Matrix_Multiplication_GPU,6512,60.602388,3
Naive_GPU,6576,61.771226,1
naive_matrix_cpu,6576,800000,1
Strassen_Matrix_Multiplication_CPU,6576,800000,1
Strassen_Matrix_Multiplication_GPU,6576,116.285391,1
Tiled_Matrix_Multiplication_GPU,6576,62.663827,1
Naive_GPU,6640,68.114227,3
naive_matrix_cpu,6640,800000,3
Strassen_Matrix_Multiplication_CPU,6640,800000,3
Strassen_Matrix_Multiplication_GPU,6640,120.380861,3
Tiled_Matrix_Multiplication_GPU,6640,62.06359,3
Naive_GPU,6704,65.457414,1
naive_matrix_cpu,6704,800000,1
Strassen_Matrix_Multiplication_CPU,6704,800000,1
Strassen_Matrix_Multiplication_GPU,6704,120.007642,1
Tiled_Matrix_Multiplication_GPU,6704,70.998752,1
Naive_GPU,6768,66.752185,1
naive_matrix_cpu,6768,800000,1
Strassen_Matrix_Multiplication_CPU,6768,800000,1
Strassen_Matrix_Multiplication_GPU,6768,123.343529,1
Tiled_Matrix_Multiplication_GPU,6768,68.115359,1
Naive_GPU,6832,66.427847,3
naive_matrix_cpu,6832,800000,3
Strassen_Matrix_Multiplication_CPU,6832,800000,3
Strassen_Matrix_Multiplication_GPU,6832,136.330797,3
Tiled_Matrix_Multiplication_GPU,6832,64.811066,3
Naive_GPU,6896,66.49561,3
naive_matrix_cpu,6896,800000,3
Strassen_Matrix_Multiplication_CPU,6896,800000,3
Strassen_Matrix_Multiplication_GPU,6896,127.994154,3
Tiled_Matrix_Multiplication_GPU,6896,64.664658,3
Naive_GPU,6960,68.457454,3
naive_matrix_cpu,6960,800000,3
Strassen_Matrix_Multiplication_CPU,6960,800000,3
Strassen_Matrix_Multiplication_GPU,6960,142.784543,3
Tiled_Matrix_Multiplication_GPU,6960,67.592088,3
Naive_GPU,7024,69.171054,1
naive_matrix_cpu,7024,800000,1
Strassen_Matrix_Multiplication_CPU,7024,800000,1
Strassen_Matrix_Multiplication_GPU,7024,140.29111,1
Tiled_Matrix_Multiplication_GPU,7024,85.523592,1
Naive_GPU,7088,69.321971,1
naive_matrix_cpu,7088,800000,1
Strassen_Matrix_Multiplication_CPU,7088,800000,1
Strassen_Matrix_Multiplication_GPU,7088,137.986252,1
Tiled_Matrix_Multiplication_GPU,7088,71.158664,1
Naive_GPU,7152,69.63069,1
naive_matrix_cpu,7152,800000,1
Strassen_Matrix_Multiplication_CPU,7152,800000,1
Strassen_Matrix_Multiplication_GPU,7152,144.288016,1
Tiled_Matrix_Multiplication_GPU,7152,69.853441,1
Naive_GPU,7216,71.416154,1
naive_matrix_cpu,7216,800000,1
Strassen_Matrix_Multiplication_CPU,7216,800000,1
Strassen_Matrix_Multiplication_GPU,7216,141.034402,1
Tiled_Matrix_Multiplication_GPU,7216,86.090266,1
Naive_GPU,7280,72.864494,1
naive_matrix_cpu,7280,800000,1
Strassen_Matrix_Multiplication_CPU,7280,800000,1
Strassen_Matrix_Multiplication_GPU,7280,147.848337,1
Tiled_Matrix_Multiplication_GPU,7280,75.929849,1
Naive_GPU,7344,72.966901,1
naive_matrix_cpu,7344,800000,1
Strassen_Matrix_Multiplication_CPU,7344,800000,1
Strassen_Matrix_Multiplication_GPU,7344,145.811432,1
Tiled_Matrix_Multiplication_GPU,7344,84.155975,1
Naive_GPU,7408,74.333185,1
naive_matrix_cpu,7408,800000,1
Strassen_Matrix_Multiplication_CPU,7408,800000,1
Strassen_Matrix_Multiplication_GPU,7408,156.206873,1
Tiled_Matrix_Multiplication_GPU,7408,79.006859,1
Naive_GPU,7472,76.027673,1
naive_matrix_cpu,7472,800000,1
Strassen_Matrix_Multiplication_CPU,7472,800000,1
Strassen_Matrix_Multiplication_GPU,7472,148.296954,1
Tiled_Matrix_Multiplication_GPU,7472,81.837805,1
Naive_GPU,7536,77.908827,1
naive_matrix_cpu,7536,800000,1
Strassen_Matrix_Multiplication_CPU,7536,800000,1
Strassen_Matrix_Multiplication_GPU,7536,152.500195,1
Tiled_Matrix_Multiplication_GPU,7536,78.282559,1
Naive_GPU,7600,78.9304,1
naive_matrix_cpu,7600,800000,1
Strassen_Matrix_Multiplication_CPU,7600,800000,1
Strassen_Matrix_Multiplication_GPU,7600,153.967175,1
Tiled_Matrix_Multiplication_GPU,7600,81.32953,1
Naive_GPU,7664,80.898341,3
naive_matrix_cpu,7664,800000,3
Strassen_Matrix_Multiplication_CPU,7664,800000,3
Strassen_Matrix_Multiplication_GPU,7664,162.252805,3
Tiled_Matrix_Multiplication_GPU,7664,80.812671,3
Naive_GPU,7728,81.650891,1
naive_matrix_cpu,7728,800000,1
Strassen_Matrix_Multiplication_CPU,7728,800000,1
Strassen_Matrix_Multiplication_GPU,7728,179.113583,1
Tiled_Matrix_Multiplication_GPU,7728,95.566783,1
Naive_GPU,7792,81.867947,1
naive_matrix_cpu,7792,800000,1
Strassen_Matrix_Multiplication_CPU,7792,800000,1
Strassen_Matrix_Multiplication_GPU,7792,168.704462,1
Tiled_Matrix_Multiplication_GPU,7792,94.352486,1
Naive_GPU,7856,83.579858,1
naive_matrix_cpu,7856,800000,1
Strassen_Matrix_Multiplication_CPU,7856,800000,1
Strassen_Matrix_Multiplication_GPU,7856,168.248538,1
Tiled_Matrix_Multiplication_GPU,7856,85.375456,1
Naive_GPU,7920,86.439659,3
naive_matrix_cpu,7920,800000,3
Strassen_Matrix_Multiplication_CPU,7920,800000,3
Strassen_Matrix_Multiplication_GPU,7920,169.734259,3
Tiled_Matrix_Multiplication_GPU,7920,85.303302,3
Naive_GPU,7984,86.957646,1
naive_matrix_cpu,7984,800000,1
Strassen_Matrix_Multiplication_CPU,7984,800000,1
Strassen_Matrix_Multiplication_GPU,7984,176.979611,1
Tiled_Matrix_Multiplication_GPU,7984,92.145882,1
Naive_GPU,8048,88.577788,1
naive_matrix_cpu,8048,800000,1
Strassen_Matrix_Multiplication_CPU,8048,800000,1
Strassen_Matrix_Multiplication_GPU,8048,181.183301,1
Tiled_Matrix_Multiplication_GPU,8048,109.629344,1
Naive_GPU,8112,89.155943,1
naive_matrix_cpu,8112,800000,1
Strassen_Matrix_Multiplication_CPU,8112,800000,1
Strassen_Matrix_Multiplication_GPU,8112,174.353043,1
Tiled_Matrix_Multiplication_GPU,8112,107.910669,1
Naive_GPU,8176,97.429837,3
naive_matrix_cpu,8176,800000,3
Strassen_Matrix_Multiplication_CPU,8176,800000,3
Strassen_Matrix_Multiplication_GPU,8176,181.496024,3
Tiled_Matrix_Multiplication_GPU,8176,91.483121,3
Naive_GPU,8240,92.815865,1
naive_matrix_cpu,8240,800000,1
Strassen_Matrix_Multiplication_CPU,8240,800000,1
Strassen_Matrix_Multiplication_GPU,8240,183.098285,1
Tiled_Matrix_Multiplication_GPU,8240,96.574278,1
Naive_GPU,8304,95.268686,1
naive_matrix_cpu,8304,800000,1
Strassen_Matrix_Multiplication_CPU,8304,800000,1
Strassen_Matrix_Multiplication_GPU,8304,205.828021,1
Tiled_Matrix_Multiplication_GPU,8304,109.316249,1
Naive_GPU,8368,105.22238,3
naive_matrix_cpu,8368,800000,3
Strassen_Matrix_Multiplication_CPU,8368,800000,3
Strassen_Matrix_Multiplication_GPU,8368,184.624875,3
Tiled_Matrix_Multiplication_GPU,8368,100.14677,3
Naive_GPU,8432,118.933664,3
naive_matrix_cpu,8432,800000,3
Strassen_Matrix_Multiplication_CPU,8432,800000,3
Strassen_Matrix_Multiplication_GPU,8432,210.766519,3
Tiled_Matrix_Multiplication_GPU,8432,102.19826,3
Naive_GPU,8496,99.070782,1
naive_matrix_cpu,8496,800000,1
Strassen_Matrix_Multiplication_CPU,8496,800000,1
Strassen_Matrix_Multiplication_GPU,8496,193.656882,1
Tiled_Matrix_Multiplication_GPU,8496,104.699904,1
Naive_GPU,8560,112.429103,3
naive_matrix_cpu,8560,800000,3
Strassen_Matrix_Multiplication_CPU,8560,800000,3
Strassen_Matrix_Multiplication_GPU,8560,197.999442,3
Tiled_Matrix_Multiplication_GPU,8560,103.808192,3
Naive_GPU,8624,101.639256,1
naive_matrix_cpu,8624,800000,1
Strassen_Matrix_Multiplication_CPU,8624,800000,1
Strassen_Matrix_Multiplication_GPU,8624,201.108151,1
Tiled_Matrix_Multiplication_GPU,8624,126.623694,1
Naive_GPU,8688,132.577219,3
naive_matrix_cpu,8688,800000,3
Strassen_Matrix_Multiplication_CPU,8688,800000,3
Strassen_Matrix_Multiplication_GPU,8688,209.053796,3
Tiled_Matrix_Multiplication_GPU,8688,107.329166,3
Naive_GPU,8752,124.146541,3
naive_matrix_cpu,8752,800000,3
Strassen_Matrix_Multiplication_CPU,8752,800000,3
Strassen_Matrix_Multiplication_GPU,8752,240.794858,3
Tiled_Matrix_Multiplication_GPU,8752,107.183519,3
Naive_GPU,8816,109.974573,3
naive_matrix_cpu,8816,800000,3
Strassen_Matrix_Multiplication_CPU,8816,800000,3
Strassen_Matrix_Multiplication_GPU,8816,205.002304,3
Tiled_Matrix_Multiplication_GPU,8816,105.575221,3
Naive_GPU,8880,108.558176,1
naive_matrix_cpu,8880,800000,1
Strassen_Matrix_Multiplication_CPU,8880,800000,1
Strassen_Matrix_Multiplication_GPU,8880,224.969534,1
Tiled_Matrix_Multiplication_GPU,8880,111.192896,1
Naive_GPU,8944,110.389478,1
naive_matrix_cpu,8944,800000,1
Strassen_Matrix_Multiplication_CPU,8944,800000,1
Strassen_Matrix_Multiplication_GPU,8944,232.053409,1
Tiled_Matrix_Multiplication_GPU,8944,116.099437,1
Naive_GPU,9008,113.110948,1
naive_matrix_cpu,9008,800000,1
Strassen_Matrix_Multiplication_CPU,9008,800000,1
Strassen_Matrix_Multiplication_GPU,9008,222.083456,1
Tiled_Matrix_Multiplication_GPU,9008,119.14263,1
Naive_GPU,9072,110.802545,1
naive_matrix_cpu,9072,800000,1
Strassen_Matrix_Multiplication_CPU,9072,800000,1
Strassen_Matrix_Multiplication_GPU,9072,249.994614,1
Tiled_Matrix_Multiplication_GPU,9072,120.45614,1
Naive_GPU,9136,118.453096,1
naive_matrix_cpu,9136,800000,1
Strassen_Matrix_Multiplication_CPU,9136,800000,1
Strassen_Matrix_Multiplication_GPU,9136,231.69361,1
Tiled_Matrix_Multiplication_GPU,9136,119.264166,1
Naive_GPU,9200,115.132607,1
naive_matrix_cpu,9200,800000,1
Strassen_Matrix_Multiplication_CPU,9200,800000,1
Strassen_Matrix_Multiplication_GPU,9200,241.255338,1
Tiled_Matrix_Multiplication_GPU,9200,115.967546,1
Naive_GPU,9264,136.611763,3
naive_matrix_cpu,9264,800000,3
Strassen_Matrix_Multiplication_CPU,9264,800000,3
Strassen_Matrix_Multiplication_GPU,9264,226.486069,3
Tiled_Matrix_Multiplication_GPU,9264,118.378323,3
Naive_GPU,9328,122.637463,3
naive_matrix_cpu,9328,800000,3
Strassen_Matrix_Multiplication_CPU,9328,800000,3
Strassen_Matrix_Multiplication_GPU,9328,236.726669,3
Tiled_Matrix_Multiplication_GPU,9328,120.848512,3
Naive_GPU,9392,120.92375,1
naive_matrix_cpu,9392,800000,1
Strassen_Matrix_Multiplication_CPU,9392,800000,1
Strassen_Matrix_Multiplication_GPU,9392,235.916852,1
Tiled_Matrix_Multiplication_GPU,9392,123.491673,1
Naive_GPU,9456,123.133638,1
naive_matrix_cpu,9456,800000,1
Strassen_Matrix_Multiplication_CPU,9456,800000,1
Strassen_Matrix_Multiplication_GPU,9456,243.608365,1
Tiled_Matrix_Multiplication_GPU,9456,127.887599,1
Naive_GPU,9520,163.198087,3
naive_matrix_cpu,9520,800000,3
Strassen_Matrix_Multiplication_CPU,9520,800000,3
Strassen_Matrix_Multiplication_GPU,9520,242.891913,3
Tiled_Matrix_Multiplication_GPU,9520,143.317459,3
Naive_GPU,9584,134.276959,3
naive_matrix_cpu,9584,800000,3
Strassen_Matrix_Multiplication_CPU,9584,800000,3
Strassen_Matrix_Multiplication_GPU,9584,273.587805,3
Tiled_Matrix_Multiplication_GPU,9584,127.66133,3
Naive_GPU,9648,165.404451,3
naive_matrix_cpu,9648,800000,3
Strassen_Matrix_Multiplication_CPU,9648,800000,3
Strassen_Matrix_Multiplication_GPU,9648,257.120645,3
Tiled_Matrix_Multiplication_GPU,9648,128.948448,3
Naive_GPU,9712,137.90224,3
naive_matrix_cpu,9712,800000,3
Strassen_Matrix_Multiplication_CPU,9712,800000,3
Strassen_Matrix_Multiplication_GPU,9712,257.27572,3
Tiled_Matrix_Multiplication_GPU,9712,134.522858,3
Naive_GPU,9776,135.97334,1
naive_matrix_cpu,9776,800000,1
Strassen_Matrix_Multiplication_CPU,9776,800000,1
Strassen_Matrix_Multiplication_GPU,9776,263.95473,1
Tiled_Matrix_Multiplication_GPU,9776,137.21044,1
Naive_GPU,9840,147.890976,3
naive_matrix_cpu,9840,800000,3
Strassen_Matrix_Multiplication_CPU,9840,800000,3
Strassen_Matrix_Multiplication_GPU,9840,263.636646,3
Tiled_Matrix_Multiplication_GPU,9840,145.819839,3
Naive_GPU,9904,187.989783,3
naive_matrix_cpu,9904,800000,3
Strassen_Matrix_Multiplication_CPU,9904,800000,3
Strassen_Matrix_Multiplication_GPU,9904,261.120795,3
Tiled_Matrix_Multiplication_GPU,9904,136.848474,3
Naive_GPU,9968,150.349005,3
naive_matrix_cpu,9968,800000,3
Strassen_Matrix_Multiplication_CPU,9968,800000,3
Strassen_Matrix_Multiplication_GPU,9968,264.218262,3
Tiled_Matrix_Multiplication_GPU,9968,148.989172,3
Naive_GPU,10032,153.932373,3
naive_matrix_cpu,10032,800000,3
Strassen_Matrix_Multiplication_CPU,10032,800000,3
Strassen_Matrix_Multiplication_GPU,10032,273.092987,3
Tiled_Matrix_Multiplication_GPU,10032,139.620535,3
Naive_GPU,10096,146.622498,3
naive_matrix_cpu,10096,800000,3
Strassen_Matrix_Multiplication_CPU,10096,800000,3
Strassen_Matrix_Multiplication_GPU,10096,273.940179,3
Tiled_Matrix_Multiplication_GPU,10096,139.630182,3
Naive_GPU,10160,148.616962,1
naive_matrix_cpu,10160,800000,1
Strassen_Matrix_Multiplication_CPU,10160,800000,1
Strassen_Matrix_Multiplication_GPU,10160,306.081732,1
Tiled_Matrix_Multiplication_GPU,10160,183.054956,1
Naive_GPU,10224,162.007159,3
naive_matrix_cpu,10224,800000,3
Strassen_Matrix_Multiplication_CPU,10224,800000,3
Strassen_Matrix_Multiplication_GPU,10224,287.907147,3
Tiled_Matrix_Multiplication_GPU,10224,146.68425,3
Naive_GPU,10288,177.068399,3
naive_matrix_cpu,10288,800000,3
Strassen_Matrix_Multiplication_CPU,10288,800000,3
Strassen_Matrix_Multiplication_GPU,10288,282.085309,3
Tiled_Matrix_Multiplication_GPU,10288,146.827423,3
Naive_GPU,10352,154.014175,3
naive_matrix_cpu,10352,800000,3
Strassen_Matrix_Multiplication_CPU,10352,800000,3
Strassen_Matrix_Multiplication_GPU,10352,325.726099,3
Tiled_Matrix_Multiplication_GPU,10352,149.292908,3
Naive_GPU,10416,174.684048,3
naive_matrix_cpu,10416,800000,3
Strassen_Matrix_Multiplication_CPU,10416,800000,3
Strassen_Matrix_Multiplication_GPU,10416,285.273083,3
Tiled_Matrix_Multiplication_GPU,10416,154.055576,3
Naive_GPU,10480,162.739536,3
naive_matrix_cpu,10480,800000,3
Strassen_Matrix_Multiplication_CPU,10480,800000,3
Strassen_Matrix_Multiplication_GPU,10480,311.318781,3
Tiled_Matrix_Multiplication_GPU,10480,155.471802,3
Naive_GPU,10544,160.73562,3
naive_matrix_cpu,10544,800000,3
Strassen_Matrix_Multiplication_CPU,10544,800000,3
Strassen_Matrix_Multiplication_GPU,10544,296.615131,3
Tiled_Matrix_Multiplication_GPU,10544,154.196326,3
Naive_GPU,10608,220.547131,3
naive_matrix_cpu,10608,800000,3
Strassen_Matrix_Multiplication_CPU,10608,800000,3
Strassen_Matrix_Multiplication_GPU,10608,307.270831,3
Tiled_Matrix_Multiplication_GPU,10608,154.51973,3
Naive_GPU,10672,174.600516,3
naive_matrix_cpu,10672,800000,3
Strassen_Matrix_Multiplication_CPU,10672,800000,3
Strassen_Matrix_Multiplication_GPU,10672,304.092419,3
Tiled_Matrix_Multiplication_GPU,10672,158.911206,3
Naive_GPU,10736,159.237396,1
naive_matrix_cpu,10736,800000,1
Strassen_Matrix_Multiplication_CPU,10736,800000,1
Strassen_Matrix_Multiplication_GPU,10736,306.554047,1
Tiled_Matrix_Multiplication_GPU,10736,160.683047,1
Naive_GPU,10800,181.6582,3
naive_matrix_cpu,10800,800000,3
Strassen_Matrix_Multiplication_CPU,10800,800000,3
Strassen_Matrix_Multiplication_GPU,10800,307.873822,3
Tiled_Matrix_Multiplication_GPU,10800,161.108826,3
Naive_GPU,10864,174.382629,3
naive_matrix_cpu,10864,800000,3
Strassen_Matrix_Multiplication_CPU,10864,800000,3
Strassen_Matrix_Multiplication_GPU,10864,317.558112,3
Tiled_Matrix_Multiplication_GPU,10864,163.276837,3
Naive_GPU,10928,171.527878,3
naive_matrix_cpu,10928,800000,3
Strassen_Matrix_Multiplication_CPU,10928,800000,3
Strassen_Matrix_Multiplication_GPU,10928,310.890027,3
Tiled_Matrix_Multiplication_GPU,10928,166.382285,3
Naive_GPU,10992,168.105563,1
naive_matrix_cpu,10992,800000,1
Strassen_Matrix_Multiplication_CPU,10992,800000,1
Strassen_Matrix_Multiplication_GPU,10992,341.322906,1
Tiled_Matrix_Multiplication_GPU,10992,170.588803,1
